Region,bregstmp
USA,0.806731417004
CAN,0.806731417004
WEU,0.824931688083
JPK,0.792371381531
ANZ,0.833346282294
EEU,1.0
FSU,0.898352292487
MDE,1.03966017376
CAM,0.806731417004
LAM,0.742522668881
SAS,1.03966017376
SEA,0.86584928739
CHI,0.792371381531
MAF,1.0
SSA,0.905134210436
SIS,0.814964431253
