Name,ch4par1
,
USA,5.4325604359e-06
CAN,7.68530879699e-06
WEU,1.82159147893e-06
JPK,4.19249344395e-07
ANZ,1.24810383171e-05
EEU,3.12903754911e-05
FSU,8.50815797488e-05
MDE,1.26153024592e-05
CAM,1.29696311337e-05
LAM,4.07027497242e-06
SAS,2.5108603541e-05
SEA,1.94201377874e-05
CHI,3.1833225073e-05
MAF,1.94201377874e-05
SSA,1.94201377874e-05
SIS,1.94201377874e-05
