Region,gdp0
USA,1643.8994423689676
CAN,84.82248313910051
WEU,1913.3150830827924
JPK,616.0219806723323
ANZ,119.05772811532377
EEU,87.91921089419114
FSU,167.30887876184823
MDE,76.06498296705729
CAM,40.513901034143075
LAM,193.13852329038812
SAS,57.97137011483528
SEA,25.69425460165619
CHI,18.801426605230276
MAF,13.448246215232512
SSA,94.6859977634632
SIS,6.821137372969792
